"","Bombus","Flavipanurgus","Dasypoda","Xylocopa","Lasioglossum"
"Bombus",0.00117009292557851,0.000367450461723001,0.00110594001903578,0.000601278985744726,0.00175173667085313
"Flavipanurgus",0.00173123230394871,0.000540561656025431,0.00163963091600984,0.000890011331036589,0.00259238189020393
"Dasypoda",0.00117161855315647,0.000367929564831416,0.00110738199859201,0.000602062968200441,0.00175402068328306
"Xylocopa",0.00089012401869246,0.000279530348421422,0.000841321019205774,0.000457410568065725,0.00133259748547301
"Lasioglossum",0.00102947099466357,0.000323290215567152,0.000973027991864246,0.000529017196127677,0.00154121271895035
